GEOID,LEA,Textbooks,At-Risk,Classroom Supplies & Materials,Limited English Proficiency,Children with Disabilities,Low Wealth,Teacher Assistants,Disadvantaged Student Supplemental Funding,Instructional Support (Positions),Instructional Support (Dollars),Assistant Principals (Months),Assistant Principals (Dollars),Non-Instructional Support,Central Office,Professional Development & Mentoring,Community School Coordinator (Position),Community School Coordinator (Dollars),NC Virtual Public School,Career Development Coordinators (Position),Career Development Coordinators (Dollar),Classroom Teachers (Position),"Classroom Teachers 
(Dollar)",Principals (Position),"Principals 
(Dollar)",Transportation,Small County,CTE Teachers (Months of Employment),CTE Teachers (Dollar),CTE Program Support,CTE Program Support,Total
3700030,Alamance-Burlington,"920,538",0,"707,351","2,100,060","13,240,141","6,075,712","6,597,266","5,981,336",117,"9,094,878",234,"1,958,285","6,389,734","1,092,875","148,233",0,0,"-370,820",0,0,"1,094","75,421,913",36,"4,057,200","4,082,750",0,"1,038","7,488,132","311,867","444,253","144,821,166"
3700090,Alexander County,"186,386",0,"143,243","105,151","3,139,415","2,285,549","1,294,027","1,440,694",24,"1,887,432",47,"392,107","1,293,762","615,879","30,014",0,0,"-46,078",0,0,221,"15,864,919",11,"1,186,152","1,067,448",0,261,"1,857,276","74,379","77,892","32,709,261"
3700120,Alleghany County,"53,482",0,"41,106","95,714","832,627",0,"413,586","240,115",7,"514,962",14,"118,988","371,232","481,507","8,612",0,0,"-14,134",0,0,66,"4,769,395",4,"425,516","482,951","1,548,700",109,"791,340","27,896","23,864","11,173,977"
3700180,Anson County,"122,592",0,"94,118","82,850","2,154,804","1,888,609","925,118","1,262,147",16,"1,212,944",31,"262,522","850,947","561,006","19,741",0,0,"-34,883",0,0,148,"9,975,569",9,"969,876","1,061,878","1,548,000",179,"1,201,806","49,412","51,164","24,137,628"
3700210,Ashe County,"115,517",0,"88,820","106,233","1,974,646",0,"769,691","526,405",15,"1,182,990",30,"256,822","801,838","568,377","18,602",0,0,"-46,593",0,0,138,"10,367,695",6,"678,222","1,888,593","1,548,000",180,"1,224,900","49,818","47,919","22,052,978"
3700240,Avery County,"73,827",0,"56,731","142,025","1,515,109",0,"506,358","341,701",10,"787,780",19,"164,977","512,455","582,054","11,888",0,0,"-18,189",0,0,88,"6,521,004",8,"840,136","979,028","1,600,000",133,"949,753","35,406","34,173","15,562,389"
3700270,Beaufort County,"248,302",0,"190,756","366,890","4,130,424","1,390,821","1,712,624","1,302,165",32,"2,370,912",63,"538,620","1,723,536","820,563","39,984",0,0,"-44,181",0,0,292,"20,338,971",13,"1,379,664","2,087,734",0,330,"2,346,630","95,692","114,166","40,905,971"
3700300,Bertie County,"76,625",0,"58,894","16,615","1,281,856","1,147,246","506,358","886,582",10,"726,720",20,"159,029","531,877","654,422","12,339",0,0,"-47,400",0,0,91,"6,251,877",7,"707,854","1,295,803","1,600,000",136,"978,928","36,421","41,046","16,846,467"
3700330,Bladen County,"156,767",0,"120,520","290,417","2,429,634","2,417,232","1,082,141","1,603,848",20,"1,599,600",40,"339,478","1,088,169","808,386","25,244",0,0,"-66,861",0,0,185,"13,077,194",12,"1,296,420","1,885,656",0,240,"1,735,440","68,086","83,429","29,884,033"
3700360,Brunswick County,"509,754",0,"392,075","593,807","7,544,112",0,"3,442,454","2,548,919",65,"5,214,300",129,"1,101,380","3,538,354","767,911","82,085",0,0,"-69,814",0,0,598,"41,769,116",20,"2,269,500","5,274,102",0,640,"4,676,480","190,180","245,513","79,580,474"
3700390,Buncombe County,"932,889",0,"716,555","1,694,705","14,082,036",0,"6,777,218","3,737,179",119,"9,398,977",237,"2,033,001","6,475,467","1,227,159","150,222",0,0,"-267,458",0,0,"1,109","79,961,531",43,"4,723,808","7,641,483",0,"1,078","7,589,120","324,147","477,090","146,742,240"
3700420,Asheville City,"182,149",0,"139,854","71,632","2,435,067",0,"1,245,357","1,052,814",23,"1,827,580",46,"400,648","1,264,352","484,813","29,331",0,0,"-58,340",0,0,215,"15,959,710",9,"953,595","411,254",0,255,"1,796,220","72,654","95,265","28,181,806"
3700450,Burke County,"467,704",0,"359,345","1,007,583","8,012,748","6,888,120","3,194,242","4,060,412",60,"4,704,660",119,"1,002,799","3,246,473","914,239","75,314",0,0,"-250,750",0,0,553,"39,643,575",26,"2,804,490","2,484,531",0,575,"4,188,875","170,490","197,403","82,704,549"
3700480,Cabarrus County,"1,372,613",0,"1,054,859","2,148,083","16,475,103",0,"9,238,480","4,946,994",175,"13,152,125",349,"3,051,147","9,527,724","1,012,832","221,030",0,0,"-746,323",0,0,"1,611","113,253,676",42,"4,945,752","13,322,354",0,"1,612","11,263,044","487,276","633,638","203,987,794"
3700530,Kannapolis City,"218,003",0,"167,446","574,230","3,153,064","373,449","1,557,947","1,646,944",28,"2,005,920",55,"449,667","1,513,227","483,536","35,105",0,0,"-20,381",0,0,260,"16,984,188",8,"919,256","915,127",0,280,"1,990,800","80,164","88,392","32,918,081"
3700580,Caldwell County,"442,842",0,"340,324","366,663","7,038,721","4,402,170","3,053,440","3,820,297",57,"4,556,922",112,"969,590","3,073,898","831,659","71,310",0,0,"-143,984",0,0,521,"38,216,822",26,"2,852,252","2,118,659",0,561,"4,126,155","166,194","184,612","76,045,704"
3700600,Camden County,"73,028",0,"56,212","3,186","1,033,755","683,512","525,112","437,134",10,"804,410",19,"158,079","506,906","474,718","11,760",0,0,"-37,267",0,0,88,"6,433,526",5,"562,250","610,132","1,600,000",137,"971,330","36,591","36,464","14,907,810"
3700630,Carteret County,"321,169",0,"246,885","195,508","4,332,581",0,"2,165,737","1,416,065",41,"3,279,754",82,"719,990","2,229,332","699,214","51,718",0,0,"-125,759",0,0,377,"27,784,885",16,"1,788,672","1,681,691",0,421,"2,970,576","123,433","144,139","49,704,421"
3700660,Caswell County,"92,893",0,"71,313","50,732","1,879,136","1,152,544","670,337","784,991",12,"960,468",24,"201,137","644,800","603,067","14,958",0,0,"-64,821",0,0,112,"7,645,880",6,"605,886","1,179,510","1,470,000",150,"1,051,950","40,650","34,555","18,997,093"
3700690,Catawba County,"623,632",0,"479,254","1,192,849","8,626,566",0,"4,301,799","2,453,486",80,"6,170,480",158,"1,309,358","4,328,816","935,209","100,423",0,0,"-239,148",0,0,739,"52,486,857",28,"3,164,756","4,640,132",0,743,"5,370,404","221,878","275,296","95,818,415"
3700720,Hickory City,"160,405",0,"123,292","485,732","2,416,689",0,"1,199,920","781,913",21,"1,588,356",41,"346,033","1,113,417","489,696","25,830",0,0,"-38,676",0,0,191,"13,310,957",9,"969,390","493,711",0,224,"1,579,648","63,283","79,038","25,028,229"
3702970,Newton-Conover,"115,117",0,"88,437","363,657","1,773,464",0,"788,633","615,680",15,"1,094,550",30,"248,742","799,064","447,778","18,537",0,0,"-38,068",0,0,139,"9,370,888",6,"644,142","361,940",0,181,"1,355,147","49,920","55,555","18,038,066"
3700750,Chatham County,"365,018",0,"280,600","987,554","4,943,645",0,"2,502,899","1,453,004",47,"3,570,872",93,"801,310","2,533,698","667,499","58,778",0,0,"-159,104",0,0,431,"30,761,406",20,"2,149,180","2,665,363",0,461,"3,227,461","135,612","184,994","56,764,771"
3700780,Cherokee County,"123,112",0,"94,724","60,181","2,375,339","473,120","787,601","581,820",16,"1,263,904",31,"264,955","854,554","561,546","19,825",0,0,"-23,708",0,0,144,"10,735,007",13,"1,358,253","856,023","1,548,000",196,"1,380,036","54,757","59,756","23,305,693"
3700870,Edenton/Chowan,"72,788",0,"55,934","72,620","1,134,833","478,883","513,080","609,523",10,"770,500",19,"160,405","505,241","602,453","11,721",0,0,"-40,351",0,0,88,"6,247,961",4,"442,048","783,450","1,600,000",130,"883,480","34,324","30,737","14,896,842"
3700900,Clay County,"51,083",0,"39,200","71,614","955,649",0,"355,307","230,879",7,"565,096",13,"112,720","354,584","485,008","8,226",0,0,"-13,124",0,0,62,"4,461,347",4,"431,664","380,371","1,820,000",105,"783,930","26,814","19,664","11,088,949"
3700930,Cleveland County,"558,918",0,"429,307","254,911","9,625,405","5,911,135","3,825,195","4,072,727",71,"5,788,914",142,"1,219,700","3,879,620","1,012,475","90,002",0,0,"-144,496",0,0,662,"47,861,926",29,"3,185,998","3,542,190",0,666,"4,879,116","198,164","240,549","95,872,838"
3700960,Columbus County,"211,208",0,"162,240","175,479","2,954,241","4,500,010","1,478,240","2,130,253",27,"2,021,598",54,"445,130","1,466,060","690,637","34,011",0,0,"-19,980",0,0,249,"17,078,089",17,"1,862,044","2,122,746",0,297,"2,130,084","85,441","94,692","39,411,015"
3703310,Whiteville City,"88,776",0,"68,157","92,840","1,264,866","1,887,944","611,635","945,071",12,"899,364",23,"192,529","616,222","449,986","14,296",0,0,"-26,837",0,0,110,"7,937,443",5,"530,315","389,513",0,149,"1,009,177","40,210","36,464","16,959,195"
3700011,Craven County,"527,821",0,"405,483","493,208","7,443,598","2,651,405","3,897,443","2,493,508",67,"5,027,613",134,"1,133,039","3,663,762","918,252","84,994",0,0,"-179,757",0,0,629,"41,908,645",25,"2,730,475","4,053,594",0,619,"4,348,475","183,989","228,713","81,486,439"
3701080,Cumberland County,"1,995,765",0,"1,532,499","1,277,971","32,184,230","22,008,241","14,715,956","14,293,022",254,"19,068,796",507,"4,310,737","13,853,211","1,944,797","321,376",0,0,"-845,166",0,0,"2,383","163,093,184",87,"9,785,412","12,693,940",0,"2,156","15,229,984","653,619","896,142","327,017,951"
3701110,Currituck County,"168,679",0,"129,507","61,684","2,269,666",0,"1,318,778","769,603",22,"1,760,330",43,"373,202","1,170,850","526,519","27,162",0,0,"-98,091",0,0,204,"14,551,959",10,"1,051,060","1,984,742",0,226,"1,586,068","63,925","69,683","27,616,647"
3701140,Dare County,"212,647",0,"163,391","335,937","2,921,021",0,"1,365,669","772,677",27,"2,210,409",54,"467,819","1,476,048","605,590","34,242",0,0,"-100,704",0,0,252,"19,261,624",10,"1,181,720","1,117,764",0,295,"2,061,165","84,765","88,774","34,047,911"
3701170,Davidson County,"737,830",0,"566,920","454,744","11,049,689","5,107,564","4,985,121","4,081,963",94,"6,989,746",187,"1,589,169","5,121,498","1,050,461","118,812",0,0,"-161,001",0,0,866,"59,532,042",36,"3,945,528","4,398,134",0,899,"6,383,799","269,444","327,605","115,811,238"
3701200,Lexington City,"122,192",0,"93,928","366,393","1,759,680","845,435","886,813","4,482,153",16,"1,112,144",31,"265,127","848,173","454,653","19,676",0,0,"-31,570",0,0,146,"9,891,998",6,"655,410","493,219",0,177,"1,301,481","48,803","56,510","23,550,026"
3701260,Thomasville City,"89,136",0,"68,381","302,695","1,263,478","617,480","709,676","2,790,551",12,"933,048",23,"190,342","618,719","429,266","14,353",0,0,"-45,136",0,0,111,"7,273,272",4,"455,828","167,009",0,138,"900,450","36,827","31,119","16,757,358"
3700840,Davie County,"241,466",0,"185,581","227,144","4,240,485","205,544","1,656,081","895,813",31,"2,407,894",61,"523,438","1,676,091","589,444","38,883",0,0,"-82,094",0,0,286,"20,354,962",12,"1,339,728","1,555,168",0,319,"2,260,115","92,241","104,811","38,271,329"
3701320,Duplin County,"381,686",0,"293,369","1,759,222","3,900,701","7,205,882","2,856,939","3,620,200",49,"3,687,642",97,"818,580","2,649,395","696,258","61,462",0,0,"-179,406",0,0,458,"30,429,232",13,"1,479,920","2,453,520",0,451,"3,124,077","132,465","167,621","65,157,079"
3701380,Durham County,"1,298,666",0,"997,687","4,837,251","19,409,774",0,"9,814,143","6,286,098",165,"12,941,940",330,"2,758,627","9,014,437","1,315,958","209,123",0,0,"-380,855",0,0,"1,544","110,330,276",51,"5,696,445","13,761,057",0,"1,487","10,194,872","449,014","819,205","208,455,052"
3701500,Edgecombe County,"213,087",0,"163,632","252,408","3,808,812","3,927,138","1,553,443","8,372,753",27,"2,039,499",54,"454,529","1,479,100","746,649","34,313",0,0,"-63,288",0,0,253,"17,199,403",14,"1,520,386","1,754,393",0,278,"1,943,498","79,826","105,765","45,372,259"
3701530,Forsyth County,"2,160,127",0,"1,658,863","6,201,401","32,092,341",0,"15,105,781","9,346,028",275,"21,621,875",548,"4,662,319","14,994,096","1,662,414","347,843",0,0,"-198,700",0,0,"2,562","183,463,381",78,"9,004,398","14,745,194",0,"2,394","17,095,554","726,253","995,608","333,524,649"
3701620,Franklin County,"316,453",0,"243,577","452,695","4,484,198","3,620,991","2,006,680","8,783,968",40,"3,081,160",80,"682,188","2,196,593","679,083","50,958",0,0,"-151,996",0,0,369,"24,851,212",16,"1,719,296","2,434,998",0,421,"2,989,942","123,365","143,566","58,392,474"
3701680,Gaston County,"1,240,229",0,"952,932","1,577,492","20,509,694","4,128,958","8,457,776","5,870,514",158,"11,686,628",315,"2,651,337","8,608,801","1,357,152","199,713",0,0,"-481,655",0,0,"1,465","100,740,316",58,"6,525,696","7,299,079",0,"1,414","10,040,814","426,686","611,874","191,163,807"
3701770,Gates County,"62,515",0,"48,023","5,007","1,139,427","918,316","453,346","514,095",8,"611,872",16,"133,529","433,936","572,289","10,067",0,0,"-20,770",0,0,75,"5,366,788",5,"522,995","657,419","1,548,700",117,"791,505","30,467","27,491","13,764,502"
3701800,Graham County,"44,848",0,"34,425","48,839","755,280","196,825","337,572","237,036",6,"470,388",12,"100,147","311,302","489,854","7,222",0,0,"-18,228",0,0,55,"3,897,439",3,"305,766","349,614","1,820,000",100,"775,800","25,359","17,564","10,162,204"
3701830,Granville County,"281,678",0,"216,610","425,611","4,828,783","4,408,441","1,930,788","2,438,093",36,"2,713,536",72,"610,577","1,955,209","659,637","45,358",0,0,"-127,406",0,0,333,"22,520,925",17,"1,812,659","2,043,782",0,373,"2,603,167","108,649","165,139","49,359,558"
3701920,Greene County,"113,438",0,"87,210","366,865","1,178,418","2,500,675","729,040","1,188,265",15,"1,210,980",29,"243,593","787,411","530,024","18,267",0,0,"-33,328",0,0,134,"9,297,201",6,"669,684","1,109,333","1,548,000",177,"1,172,979","48,871","48,301","22,701,789"
3701950,Guilford County,"2,828,367",0,"2,172,999","6,221,203","44,014,979",0,"19,810,268","12,344,395",360,"27,790,920",718,"6,052,222","19,632,549","2,199,685","455,449",0,0,"-689,612",0,0,"3,330","234,927,964",122,"13,704,992","25,945,846",0,"3,274","23,016,220","995,237","1,394,042","439,989,358"
3702010,Halifax County,"82,541",0,"63,417","66,234","1,506,985","1,227,793","630,061","5,643,774",11,"831,908",21,"181,709","572,940","652,222","13,291",0,0,"-52,230",0,0,100,"7,158,614",10,"1,108,680","1,397,699",0,131,"861,980","34,764","40,092","21,939,933"
3702040,Roanoke Rapids City,"110,600",0,"85,084","143,615","1,759,680","1,625,679","747,981","868,110",15,"1,156,125",29,"243,538","767,711","464,968","17,810",0,0,"-25,947",0,0,133,"9,417,715",5,"531,630","283,511",0,178,"1,289,432","49,074","47,155","19,472,871"
3702100,Weldon City,"29,459",0,"22,650","3,186","546,741","433,694","177,982","1,163,279",4,"309,568",8,"67,663","204,483","407,808","4,744",0,0,"-8,582",0,0,37,"1,987,229",4,"412,976","242,056",0,87,"588,729","21,299","19,664","6,605,169"
3702160,Harnett County,"812,016",0,"624,064","1,256,576","10,907,261","14,322,575","5,945,022","7,031,071",103,"7,810,181",206,"1,733,912","5,636,451","956,337","130,758",0,0,"-188,523",0,0,964,"63,445,587",29,"3,206,385","5,398,957",0,936,"6,484,608","280,608","352,233","135,334,063"
3702190,Haywood County,"278,640",0,"214,177","193,004","5,546,300",0,"2,044,188","1,237,518",36,"2,816,568",71,"597,973","1,934,122","772,607","44,869",0,0,"-128,509",0,0,333,"23,578,366",15,"1,621,050","1,708,681",0,361,"2,542,884","104,961","122,566","44,951,325"
3702250,Henderson County,"532,417",0,"408,921","1,264,770","8,012,748",0,"3,646,181","2,308,804",68,"5,160,452",135,"1,155,688","3,695,669","806,257","85,735",0,0,"-113,089",0,0,628,"44,314,772",23,"2,620,666","3,093,911",0,650,"4,490,200","193,224","231,195","81,376,104"
3702280,Hertford County,"103,725",0,"79,733","70,514","1,833,600","1,592,591","709,910","3,885,661",13,"1,062,984",27,"230,860","719,990","614,109","16,703",0,0,"-50,523",0,0,123,"8,358,799",7,"729,386","1,195,943","1,470,000",169,"1,194,492","46,503","53,265","23,814,520"
3702310,Hoke County,"356,344",0,"273,614","539,183","5,338,769","7,898,812","2,912,544","10,660,507",46,"3,277,914",90,"761,093","2,473,490","631,158","57,382",0,0,"-36,367",0,0,434,"27,534,745",13,"1,430,650","2,699,142",0,400,"2,795,200","117,005","138,411","69,503,252"
3702340,Hyde County,"22,304",0,"17,150","65,493","363,990",0,"177,090","732,659",3,"226,680",6,"50,073","154,819","464,628","3,592",0,0,"-37,324",0,0,28,"1,929,049",3,"292,107","265,541","1,710,000",73,"471,726","16,935","10,118","6,914,326"
3702370,Iredell-Statesville,"805,421",0,"619,124","1,041,267","9,545,641",0,"5,352,190","3,139,970",103,"8,154,613",205,"1,756,047","5,590,671","951,809","129,696",0,0,"-247,683",0,0,938,"66,825,617",36,"4,095,000","5,327,859",0,"1,017","7,044,759","305,507","448,071","120,080,158"
3702400,Mooresville City,"240,587",0,"184,991","228,510","3,583,683",0,"1,614,819","941,992",31,"2,340,841",61,"530,050","1,669,987","469,202","38,741",0,0,"-55,701",0,0,283,"19,634,944",9,"1,009,971","1,122,019",0,328,"2,347,824","94,846","108,438","35,865,157"
3702430,Jackson County,"143,697",0,"110,331","171,382","2,411,435",0,"966,098","646,467",19,"1,506,149",36,"307,290","997,442","575,673","23,139",0,0,"-23,567",0,0,171,"11,951,016",10,"1,074,840","1,072,515",0,211,"1,521,521","59,189","63,192","23,434,112"
3702560,Johnston County,"1,462,429",0,"1,123,745","2,973,814","24,681,468","15,826,139","10,236,643","11,439,342",186,"14,311,770",371,"3,128,444","10,151,160","1,004,474","235,493",0,0,"-177,790",0,0,"1,723","119,935,337",46,"5,084,702","10,840,120",0,"1,699","11,660,237","514,002","651,202","243,620,302"
3702610,Jones County,"40,571",0,"31,148","54,173","776,465","243,618","295,713","224,722",5,"404,695",11,"91,801","281,614","523,248","6,533",0,0,"-13,322",0,0,49,"3,569,126",5,"480,615","411,345","1,820,000",92,"632,776","22,822","13,746","9,870,838"
3702640,Lee County,"393,797",0,"302,314","1,251,797","5,274,446","3,795,584","2,835,464","2,789,034",50,"3,871,900",100,"825,318","2,733,463","710,313","63,413",0,0,"-74,026",0,0,468,"31,379,294",16,"1,736,528","2,143,077",0,477,"3,312,765","140,415","183,085","63,274,184"
3702680,Lenoir County,"331,242",0,"254,656","382,595","6,239,284","4,633,460","2,458,588","3,355,456",42,"3,226,986",84,"717,282","2,299,250","827,028","53,340",0,0,"-45,102",0,0,395,"26,874,040",17,"1,904,051","2,497,473",0,404,"2,914,052","118,257","170,294","58,880,990"
3702760,Lincoln County,"451,196",0,"346,581","352,096","6,929,462",0,"3,190,301","1,957,863",58,"4,450,398",115,"962,579","3,131,885","779,925","72,656",0,0,"-90,815",0,0,533,"37,777,039",23,"2,499,180","2,528,959",0,563,"3,923,547","166,803","230,813","69,209,272"
3702820,Macon County,"178,032",0,"136,752","300,659","2,839,380",0,"1,320,654","806,542",23,"1,692,754",45,"367,347","1,235,774","545,484","28,668",0,0,"-43,136",0,0,214,"15,509,730",12,"1,296,792","1,534,883",0,244,"1,693,604","69,135","69,874","29,404,896"
3702880,Madison County,"87,337",0,"67,001","54,677","1,619,756","113,576","649,519","424,819",11,"837,991",23,"199,014","606,234","605,118","14,064",0,0,"-45,450",0,0,105,"7,706,899",6,"670,542","1,307,267","1,560,000",151,"1,119,665","40,887","33,601","17,585,180"
3702940,Martin County,"111,080",0,"85,221","80,793","2,347,772","1,786,508","828,533","1,139,011",14,"1,045,926",29,"248,396","771,041","578,706","17,887",0,0,"-34,446",0,0,135,"9,498,780",9,"926,739","831,027","1,498,000",163,"1,182,565","44,507","59,565","22,936,531"
3703000,McDowell County,"232,793",0,"178,861","359,607","4,608,249","2,274,880","1,634,089","1,843,963",30,"2,200,050",59,"491,813","1,615,884","796,848","37,486",0,0,"-38,151",0,0,277,"19,675,848",14,"1,494,906","1,393,479",0,303,"2,237,958","87,167","108,820","41,001,757"
3703060,Mecklenburg County,"5,820,616",0,"4,471,062","20,271,598","63,479,879",0,"43,306,359","24,294,748",740,"56,982,960","1,478","12,521,263","40,402,655","3,214,145","937,288",0,0,"-2,069,813",0,0,"6,924","475,675,697",178,"20,381,534","62,414,819",0,"6,278","44,498,464","1,913,422","3,035,124","875,731,204"
3703090,Mitchell County,"71,069",0,"54,590","116,709","1,359,962","176,625","491,558","320,155",9,"746,136",19,"169,802","493,311","517,932","11,444",0,0,"-44,675",0,0,84,"6,171,359",7,"800,933","848,853","1,600,000",135,"987,390","36,083","30,546","14,888,713"
3703120,Montgomery County,"146,215",0,"112,279","327,026","2,058,321","1,043,539","1,083,220","4,962,079",19,"1,402,086",37,"309,131","1,014,922","585,318","23,545",0,0,"-62,279",0,0,175,"12,252,575",12,"1,279,044","1,388,569",0,206,"1,458,892","57,531","56,128","29,351,926"
3703210,Moore County,"509,114",0,"391,163","383,277","7,193,355",0,"3,450,739","2,262,624",65,"5,072,665",129,"1,105,118","3,533,914","835,845","81,982",0,0,"-283,875",0,0,597,"42,174,730",24,"2,609,520","3,792,184",0,641,"4,388,927","190,518","237,304","77,419,990"
3703270,Nash-Rocky Mount,"579,463",0,"444,935","698,730","10,087,076","6,560,159","4,191,984","5,390,280",74,"5,695,188",147,"1,228,095","4,022,231","1,027,958","93,310",0,0,"-62,868",0,0,688,"46,919,018",27,"2,882,034","4,317,171",0,685,"4,745,680","204,185","262,695","98,707,861"
3703330,New Hanover County,"1,064,875",0,"818,661","1,350,803","14,327,561",0,"7,410,047","4,685,329",136,"10,940,520",270,"2,283,192","7,391,616","1,105,020","171,476",0,0,"-488,698",0,0,"1,257","91,126,766",42,"4,710,972","7,082,750",0,"1,269","9,092,385","382,673","537,227","162,928,300"
3703360,Northampton County,"51,483",0,"39,548","49,341","1,111,861","677,347","375,080","3,490,938",7,"539,161",14,"115,940","357,359","590,133","8,290",0,0,"-30,933",0,0,62,"3,835,586",7,"732,886","846,532","1,820,000",107,"737,658","27,287","45,628","15,369,642"
3703420,Onslow County,"1,089,817",0,"836,691","475,455","18,499,798","7,179,973","8,476,814","7,031,071",139,"10,100,852",277,"2,333,840","7,564,746","1,095,620","175,492",0,0,"-360,363",0,0,"1,316","85,832,849",39,"4,561,206","7,358,852",0,"1,140","7,991,400","342,957","457,808","169,955,061"
3703450,Orange County,"291,750",0,"224,225","668,004","4,525,548",0,"1,991,132","1,175,950",37,"2,927,662",74,"632,458","2,025,127","669,295","46,980",0,0,"-187,436",0,0,345,"25,376,424",12,"1,298,220","3,007,361",0,385,"2,752,750","112,336","158,839","47,404,875"
3703480,Chapel Hill-Carrboro,"497,762",0,"382,492","1,333,960","5,802,810",0,"3,212,668","1,797,788",64,"5,069,184",126,"1,056,953","3,455,118","644,465","80,154",0,0,"-262,877",0,0,583,"42,068,591",19,"2,140,179","2,049,373",0,620,"4,462,140","184,056","209,240","73,686,294"
3703510,Pamlico County,"49,125",0,"37,718","48,451","992,405","106,991","318,818","252,429",6,"461,274",13,"112,486","340,989","655,163","7,910",0,0,"-29,922",0,0,58,"4,124,302",4,"427,508","619,900","1,820,000",109,"754,607","28,167","27,491","11,106,687"
3703540,Pasquotank County,"206,811",0,"158,748","175,024","3,666,383","2,335,991","1,577,452","6,570,659",27,"2,093,472",53,"456,118","1,435,540","729,707","33,303",0,0,"-95,608",0,0,250,"17,829,880",12,"1,292,064","1,523,800",0,261,"1,889,901","74,616","101,947","41,848,997"
3703570,Pender County,"388,601",0,"298,597","412,638","5,405,253","3,691,905","2,719,332","2,727,466",50,"3,579,350",99,"825,262","2,697,395","596,940","62,576",0,0,"-209,229",0,0,459,"31,480,350",18,"1,952,280","2,873,781",0,486,"3,391,794","143,156","156,548","62,805,394"
3703600,Perquimans County,"63,155",0,"48,529","12,063","1,314,914","199,781","468,850","366,330",8,"669,248",17,"142,000","438,375","517,763","10,170",0,0,"-5,687",0,0,77,"5,319,756",4,"450,928","619,034","1,548,700",117,"809,055","30,501","24,437","12,984,747"
3703630,Person County,"170,398",0,"130,684","111,524","2,579,780","1,219,790","1,338,751","784,991",22,"1,628,704",43,"371,431","1,182,781","617,164","27,439",0,0,"-140,192",0,0,205,"14,154,855",11,"1,185,162","1,427,753",0,228,"1,621,308","64,297","90,874","28,397,096"
3700012,Pitt County,"938,565",0,"720,808","935,206","12,848,852","8,586,232","6,639,137","7,151,129",120,"9,484,200",238,"1,997,104","6,514,866","1,086,749","151,136",0,0,"-155,243",0,0,"1,113","77,569,086",38,"4,211,730","6,984,688",0,"1,065","7,321,875","320,324","413,325","152,781,204"
3703720,Polk County,"82,860",0,"63,581","77,177","1,318,612",0,"572,579","317,076",11,"869,033",22,"186,369","575,159","501,382","13,343",0,0,"-31,396",0,0,100,"7,326,326",6,"639,276","624,770","1,560,000",142,"1,035,606","38,011","32,073","15,718,977"
3703780,Randolph County,"611,840",0,"469,833","841,207","8,881,102","7,513,862","4,296,029","4,577,586",78,"6,022,614",155,"1,312,116","4,246,968","955,422","98,524",0,0,"-212,930",0,0,724,"50,010,460",31,"3,445,278","4,840,102",0,737,"5,254,073","220,085","285,223","103,057,554"
3703870,Asheboro City,"178,712",0,"137,213","824,212","2,584,330","2,193,972","1,341,660","1,526,887",23,"1,751,174",45,"378,949","1,240,491","484,175","28,778",0,0,"-58,395",0,0,215,"14,824,548",8,"873,968","418,826",0,234,"1,648,764","66,090","75,410","30,341,052"
3703900,Richmond County,"275,962",0,"212,062","302,707","4,436,130","5,194,680","1,873,353","2,736,702",35,"2,603,055",70,"603,366","1,915,533","765,104","44,438",0,0,"-82,147",0,0,327,"21,785,597",15,"1,574,430","1,974,485",0,356,"2,530,804","103,473","114,929","48,688,701"
3703930,Robeson County,"837,838",0,"643,537","1,537,206","15,014,713","20,964,476","6,224,893","29,845,108",107,"8,225,625",213,"1,802,067","5,815,685","1,223,201","134,916",0,0,"-263,029",0,0,"1,003","67,818,887",36,"3,973,248","6,759,705",0,923,"6,722,209","276,650","354,906","177,074,003"
3703990,Rockingham County,"446,799",0,"343,135","518,471","8,357,333","5,882,576","3,251,161","3,801,826",57,"4,344,027",113,"910,759","3,101,366","920,425","71,948",0,0,"-70,032",0,0,533,"37,281,079",22,"2,454,584","3,124,648",0,530,"3,769,890","156,722","205,422","78,425,340"
3704050,Rowan-Salisbury,"735,551",0,"565,226","1,312,111","10,778,658","5,793,024","5,142,612","4,903,893",94,"7,274,848",187,"1,581,620","5,105,684","1,069,112","118,445",0,0,"-171,503",0,0,869,"60,894,095",35,"3,880,380","4,798,798",0,879,"6,217,167","263,320","329,515","119,857,005"
3704080,Rutherford County,"301,743",0,"231,800","162,051","6,055,505","2,828,805","2,169,584","2,693,601",39,"3,119,649",77,"653,256","2,094,490","771,660","48,589",0,0,"-157,975",0,0,360,"25,700,139",18,"1,917,468","2,707,315",0,382,"2,820,306","111,321","151,393","54,078,957"
3704140,Sampson County,"314,534",0,"241,488","1,130,711","3,772,056","6,003,750","2,325,058","2,884,462",40,"3,198,960",80,"660,005","2,183,275","662,509","50,649",0,0,"-77,516",0,0,376,"26,263,269",18,"2,026,170","2,779,296",0,384,"2,674,176","111,998","134,402","57,024,718"
3704200,Clinton City,"117,116",0,"89,920","335,890","909,975","2,234,243","926,526","1,200,579",15,"1,122,390",30,"257,404","812,936","447,842","18,859",0,0,"-26,974",0,0,144,"10,004,441",5,"596,020","370,712",0,165,"1,210,440","44,913","45,055","20,601,171"
3704320,Scotland County,"219,242",0,"168,416","51,679","4,589,871","4,615,917","1,575,716","2,197,978",28,"2,138,948",56,"472,247","1,521,828","701,283","35,304",0,0,"-25,079",0,0,262,"18,831,328",10,"1,053,580","1,810,481",0,277,"1,988,029","79,420","93,929","41,900,875"
3704380,Stanly County,"328,164",0,"252,023","243,987","6,331,173","3,317,263","2,404,484","2,518,133",42,"3,211,278",83,"697,781","2,277,886","789,606","52,844",0,0,"-95,517",0,0,393,"27,860,839",21,"2,264,661","1,892,262",0,401,"2,836,674","117,276","159,412","57,132,065"
3704410,Stokes County,"224,359",0,"172,388","67,188","4,713,922","2,270,819","1,500,321","1,379,126",29,"2,226,243",57,"483,336","1,557,342","684,247","36,128",0,0,"-105,705",0,0,264,"18,561,371",19,"1,977,995","2,088,586",0,308,"2,244,088","88,926","96,602","40,042,923"
3704440,Surry County,"292,510",0,"224,802","690,081","4,456,631","2,952,013","1,892,811","2,419,625",37,"2,924,554",74,"620,143","2,030,398","681,391","47,103",0,0,"-48,746",0,0,343,"24,413,965",20,"2,170,380","2,680,836",0,385,"2,765,840","112,235","123,138","51,157,200"
3704500,Elkin City,"48,685",0,"37,434","98,707","679,981","490,566","335,943","387,880",7,"526,260",13,"104,498","337,937","373,561","7,840",0,0,"-27,488",0,0,61,"4,445,217",4,"436,128","47,681",0,104,"722,072","26,374","21,382","9,051,973"
3704530,Mount Airy City,"65,673",0,"50,504","148,231","1,028,272","661,437","415,369","538,719",9,"629,478",17,"141,296","455,855","435,131","10,575",0,0,"-23,323",0,0,81,"5,576,138",4,"409,004","80,245",0,126,"910,854","32,971","38,373","11,539,129"
3704590,Swain County,"77,424",0,"59,505","48,063","1,364,556","162,434","581,374","618,759",10,"782,470",20,"158,879","537,426","561,562","12,468",0,0,"-21,346",0,0,94,"6,335,264",5,"538,185","702,052","1,600,000",136,"907,664","36,151","52,501","15,037,967"
3704620,Transylvania County,"131,705",0,"101,275","115,621","2,306,787",0,"905,051","560,270",17,"1,278,366",33,"267,352","914,206","612,364","21,208",0,0,"-58,661",0,0,155,"11,287,039",9,"952,902","947,321","1,548,000",205,"1,476,000","57,261","63,001","23,355,363"
3704650,Tyrrell County,"24,822",0,"19,093","68,992","376,746","412,158","168,786","286,290",3,"238,365",7,"52,465","172,298","471,642","3,997",0,0,"-6,249",0,0,31,"2,127,943",3,"289,788","171,342","1,820,000",79,"545,416","18,728","11,455","7,249,255"
3704720,Union County,"1,655,250",0,"1,272,550","2,455,798","18,308,945",0,"10,284,707","6,298,412",211,"16,363,472",420,"3,635,499","11,489,592","1,050,772","266,543",0,0,"-374,644",0,0,"1,918","135,192,483",52,"5,921,136","15,426,801",0,"2,046","14,430,438","619,925","820,541","243,462,970"
3704740,Vance County,"202,854",0,"155,630","365,297","3,335,582","4,041,441","1,687,861","8,900,516",26,"1,978,574",52,"442,127","1,408,072","800,536","32,665",0,0,"-17,594",0,0,249,"16,951,855",16,"1,715,904","1,249,055",0,239,"1,733,228","67,748","125,811","44,974,308"
3704800,Wake County,"6,447,006",0,"4,951,957","13,148,419","84,345,196",0,"45,759,940","22,284,553",819,"65,738,673","1,637","13,830,271","44,750,615","3,066,846","1,038,154",0,0,"-1,879,362",0,0,"7,609","548,461,419",192,"21,565,440","60,537,914",0,"7,235","51,202,095","2,205,816","3,126,761","984,134,707"
3704830,Warren County,"69,030",0,"53,056","54,954","1,433,473","250,090","491,980","3,390,882",9,"696,528",18,"152,242","479,161","553,762","11,116",0,0,"-173,860",0,0,82,"6,277,463",6,"665,208","954,943","1,600,000",127,"900,303","33,613","34,173","17,859,087"
3704880,Washington County,"46,726",0,"35,879","75,223","771,870","597,698","337,572","2,332,056",6,"434,016",12,"103,833","324,342","622,163","7,524",0,0,"-19,310",0,0,57,"3,847,594",3,"324,267","528,932","1,820,000",103,"773,118","26,103","20,046","12,962,926"
3704890,Watauga County,"190,263",0,"146,177","149,988","3,951,240",0,"1,318,074","735,738",24,"1,867,728",48,"397,873","1,320,675","574,741","30,638",0,0,"-81,292",0,0,224,"16,903,251",10,"1,047,050","1,419,185",0,267,"1,761,666","76,442","80,183","31,699,357"
3704920,Wayne County,"716,805",0,"550,343","1,829,899","11,169,145","11,115,216","5,381,360","6,356,902",91,"6,890,702",182,"1,570,004","4,975,558","1,062,165","115,426",0,0,"-366,121",0,0,860,"60,662,753",30,"3,360,120","5,055,284",0,806,"5,753,228","241,162","329,515","126,052,661"
3704950,Wilkes County,"352,467",0,"270,777","449,281","5,449,036","3,538,028","2,502,289","2,416,547",45,"3,505,500",89,"750,977","2,446,577","804,774","56,757",0,0,"-89,458",0,0,418,"28,919,855",21,"2,273,145","2,893,871",0,445,"3,226,695","130,706","147,193","59,692,550"
3705020,Wilson County,"426,853",0,"328,085","658,900","4,622,675","4,887,529","2,952,961","3,647,908",54,"4,154,328",108,"916,061","2,962,917","825,760","68,736",0,0,"-115,295",0,0,503,"34,213,224",26,"2,798,094","2,352,008",0,532,"3,869,236","157,195","231,004","69,531,326"
3705040,Yadkin County,"201,295",0,"154,580","357,331","3,340,176","2,203,424","1,399,705","1,499,183",26,"2,044,926",51,"433,077","1,397,252","612,588","32,414",0,0,"-57,604",0,0,239,"17,261,909",13,"1,396,382","1,475,102",0,276,"2,017,008","78,912","77,510","35,723,875"
3705070,Yancey County,"82,780",0,"63,590","131,428","1,479,418","27,953","610,040","387,880",11,"877,998",22,"183,695","574,604","522,911","13,330",0,0,"-10,915",0,0,99,"7,161,706",7,"738,850","939,806","1,560,000",142,"1,048,386","38,079","33,219","16,381,978"
,Charters,"5,674,961",0,"4,348,035","5,020,371","61,583,777","19,535,770","45,271,493","42,230,809",0,"56,071,284",0,"12,200,208","39,391,617","1,950,000","913,833",0,0,0,0,0,0,"471,346,547",0,"27,279,142","45,442,101","4,157,306",0,"28,419,773","1,686,262",0,"866,848,328"