LEA,GEOID,Textbooks,At-Risk,Classroom Supplies & Materials,Limited English Proficiency,Children with Disabilities,Low Wealth,Teacher Assistants,Disadvantaged Student Supplemental Funding,Instructional Support (Positions),Instructional Support (Dollars),Assistant Principals (Months),Assistant Principals (Dollars),Non-Instructional Support,Central Office,Professional Development & Mentoring,Community School Coordinator (Position),Community School Coordinator (Dollars),NC Virtual Public School,Career Development Coordinators (Position),Career Development Coordinators (Dollar),Classroom Teachers (Position),"Classroom Teachers 
(Dollar)",Principals (Position),"Principals 
(Dollar)",Transportation,Small County,CTE Teachers (Months of Employment),CTE Teachers (Dollar),CTE Program Support,Driver Training,Total,,,,,,,,,,,,,,,,,,,,,,,,,,,Yancey County,,
Alamance-Burlington Schools,3700030,"920,538","4,584,182","707,351","1,958,171","13,240,141","5,659,157","6,282,595","1,360,003",110,"8,550,740",234,"1,958,285","6,389,734","1,092,875",0,0,0,"-401,937",0,0,"1,094","75,421,913",36,"4,057,200","4,082,750",0,"1,038","7,488,132","311,867","444,253","144,107,951",,,,,,,,,,,,,,,,,,,,,,,,,,,,,
Alexander County Schools,3700090,"186,386","974,925","143,243","99,027","2,759,580","2,136,260","1,294,027","327,577",22,"1,730,146",47,"392,107","1,293,762","615,879",0,0,0,"-49,944",0,0,221,"15,864,919",11,"1,186,152","1,067,448",0,261,"1,857,276","74,379","77,892","32,031,041",,,,,,,,,,,,,,,,,,,,,,,,,,,Alamance-Burlington,,
Alleghany County Schools,3700120,"53,482","345,293","41,106","95,714","817,954",0,"393,834","54,596",7,"514,962",14,"118,988","371,232","481,507",0,0,0,"-15,320",0,0,66,"4,769,395",4,"425,516","482,951","1,548,700",109,"791,340","27,896","23,864","11,343,010",,,,,,,,,,,,,,,,,,,,,,,,,,,Alexander County,,
Anson County Schools,3700180,"122,592","818,896","94,118","82,850","1,825,604","1,768,248","881,439","286,980",15,"1,137,135",31,"262,522","850,947","561,006",0,0,0,"-37,810",0,0,148,"9,975,569",9,"969,876","1,061,878","1,548,000",179,"1,201,806","49,412","51,164","23,512,232",,,,,,,,,,,,,,,,,,,,,,,,,,,Alleghany County,,
Ashe County Schools,3700210,"115,517","715,362","88,820","106,233","1,703,201",0,"731,407","119,691",14,"1,104,124",30,"256,822","801,838","568,377",0,0,0,"-50,503",0,0,138,"10,367,695",6,"678,222","1,888,593","1,548,000",180,"1,224,900","49,818","47,919","22,066,037",,,,,,,,,,,,,,,,,,,,,,,,,,,Anson County,,
Asheboro City Schools,3700240,"178,712","962,258","137,213","824,212","2,584,330","2,062,754","1,275,273","347,175",21,"1,598,898",45,"378,949","1,240,491","484,175",0,0,0,"-63,295",0,0,215,"14,824,548",8,"873,968","418,826",0,234,"1,648,764","66,090","75,410","29,918,750",,,,,,,,,,,,,,,,,,,,,,,,,,,Ashe County,,
Asheville City Schools,3700270,"182,149","737,834","139,854","71,632","2,435,067",0,"1,181,503","239,383",22,"1,748,120",46,"400,648","1,264,352","484,813",0,0,0,"-63,235",0,0,215,"15,959,710",9,"953,595","411,254",0,255,"1,796,220","72,654","95,265","28,110,817",,,,,,,,,,,,,,,,,,,,,,,,,,,Avery County,,
Avery County Schools,3700300,"73,827","413,270","56,731","142,025","1,101,047",0,"506,358","77,694",9,"709,002",19,"164,977","512,455","582,054",0,0,0,"-19,715",0,0,88,"6,521,004",8,"840,136","979,028","1,600,000",133,"949,753","35,406","34,173","15,279,226",,,,,,,,,,,,,,,,,,,,,,,,,,,Beaufort County,,
Beaufort County Schools,3700330,"248,302","1,546,623","190,756","314,622","3,684,274","1,272,155","1,631,599","296,079",30,"2,222,730",63,"538,620","1,723,536","820,563",0,0,0,"-47,888",0,0,292,"20,338,971",13,"1,379,664","2,087,734",0,330,"2,346,630","95,692","114,166","40,804,827",,,,,,,,,,,,,,,,,,,,,,,,,,,Bertie County,,
Bertie County Schools,3700360,"76,625","587,126","58,894",0,"1,152,677","1,072,753","506,358","201,586",9,"654,048",20,"159,029","531,877","654,422",0,0,0,"-51,378",0,0,91,"6,251,877",7,"707,854","1,295,803","1,600,000",136,"978,928","36,421","41,046","16,515,946",,,,,,,,,,,,,,,,,,,,,,,,,,,Bladen County,,3.2375
Bladen County Schools,3700390,"156,767","1,358,727","120,520","275,312","2,374,967","2,260,405","1,031,471","364,674",19,"1,519,620",40,"339,478","1,088,169","808,386",0,0,0,"-72,472",0,0,185,"13,077,194",12,"1,296,420","1,885,656",0,240,"1,735,440","68,086","83,429","29,772,250",,,,,,,,,,,,,,,,,,,,,,,,,,,Brunswick County,,49025
Brunswick County Schools,3700420,"509,754","2,634,638","392,075","456,163","7,454,984",0,"3,281,952","579,559",61,"4,893,420",129,"1,101,380","3,538,354","767,911",0,0,0,"-75,672",0,0,598,"41,769,116",20,"2,269,500","5,274,102",0,640,"4,676,480","190,180","245,513","79,959,407",,,,,,,,,,,,,,,,,,,,,,,,,,,Buncombe County,,73537.5
Buncombe County Schools,3700450,"932,889","4,699,575","716,555","1,428,330","13,759,032",0,"6,451,381","849,739",111,"8,767,113",237,"2,033,001","6,475,467","1,227,159",0,0,0,"-289,901",0,0,"1,109","79,961,531",43,"4,723,808","7,641,483",0,"1,078","7,589,120","324,147","477,090","147,767,520",,,,,,,,,,,,,,,,,,,,,,,,,,,Asheville City,,85793.75
Burke County Schools,3700480,"467,704","2,422,244","359,345","928,423","6,907,941","6,458,367","3,038,150","923,234",56,"4,391,016",119,"1,002,799","3,246,473","914,239",0,0,0,"-271,791",0,0,553,"39,643,575",26,"2,804,490","2,484,531",0,575,"4,188,875","170,490","197,403","80,277,508",,,,,,,,,,,,,,,,,,,,,,,,,,,Burke County,,
Cabarrus County Schools,3700530,"1,372,613","5,146,041","1,054,859","1,708,861","16,475,103",0,"8,795,633","1,124,820",163,"12,250,265",349,"3,051,147","9,527,724","1,012,832",0,0,0,"-808,949",0,0,"1,611","113,253,676",42,"4,945,752","13,322,354",0,"1,612","11,263,044","487,276","633,638","204,616,689",,,,,,,,,,,,,,,,,,,,,,,,,,,Cabarrus County,,
Caldwell County Schools,3700580,"442,842","2,331,388","340,324","272,217","6,515,207","4,105,613","2,906,872","868,638",53,"4,237,138",112,"969,590","3,073,898","831,659",0,0,0,"-156,066",0,0,521,"38,216,822",26,"2,852,252","2,118,659",0,561,"4,126,155","166,194","184,612","74,404,013",,,,,,,,,,,,,,,,,,,,,,,,,,,Kannapolis City,,
Camden County Schools,3700600,"73,028","370,152","56,212",0,"1,033,755","633,147","525,112","99,393",9,"723,969",19,"158,079","506,906","474,718",0,0,0,"-40,394",0,0,88,"6,433,526",5,"562,250","610,132","1,600,000",137,"971,330","36,591","36,464","14,864,369",,,,,,,,,,,,,,,,,,,,,,,,,,,Caldwell County,,
Carteret County Schools,3700630,"321,169","1,483,030","246,885","154,821","4,332,581",0,"2,062,942","321,977",38,"3,039,772",82,"719,990","2,229,332","699,214",0,0,0,"-136,312",0,0,377,"27,784,885",16,"1,788,672","1,681,691",0,421,"2,970,576","123,433","144,139","49,968,797",,,,,,,,,,,,,,,,,,,,,,,,,,,Camden County,,
Caswell County Schools,3700660,"92,893","614,674","71,313","50,732","1,366,737","1,083,426","637,636","178,487",11,"880,429",24,"201,137","644,800","603,067",0,0,0,"-70,260",0,0,112,"7,645,880",6,"605,886","1,179,510","1,470,000",150,"1,051,950","40,650","34,555","18,383,502",,,,,,,,,,,,,,,,,,,,,,,,,,,Carteret County,,
Catawba County Schools,3700690,"623,632","3,082,390","479,254","1,041,850","8,626,566",0,"4,088,375","557,860",74,"5,707,694",158,"1,309,358","4,328,816","935,209",0,0,0,"-259,215",0,0,739,"52,486,857",28,"3,164,756","4,640,132",0,743,"5,370,404","221,878","275,296","96,681,113",,,,,,,,,,,,,,,,,,,,,,,,,,,Caswell County,,
Chapel Hill-Carrboro Schools,3700720,"497,762","1,723,301","382,492","1,294,056","5,802,810",0,"3,056,904","408,771",59,"4,673,154",126,"1,056,953","3,455,118","644,465",0,0,0,"-284,936",0,0,583,"42,068,591",19,"2,140,179","2,049,373",0,620,"4,462,140","184,056","209,240","73,824,430",,,,,,,,,,,,,,,,,,,,,,,,,,,Catawba County,,
Charlotte-Mecklenburg Schools,3702970,"5,820,616","28,119,853","4,471,062","19,996,409","63,479,879",0,"41,277,585","5,524,005",692,"53,286,768","1,478","12,521,263","40,402,655","3,214,145",0,0,0,"-2,243,496",0,0,"6,924","475,675,697",178,"20,381,534","62,414,819",0,"6,278","44,498,464","1,913,422","3,035,124","883,789,804",,,,,,,,,,,,,,,,,,,,,,,,,,,Hickory City,,
Chatham County Schools,3700750,"365,018","1,590,902","280,600","969,956","4,943,645",0,"2,381,760","330,376",44,"3,342,944",93,"801,310","2,533,698","667,499",0,0,0,"-172,455",0,0,431,"30,761,406",20,"2,149,180","2,665,363",0,461,"3,227,461","135,612","184,994","57,159,268",,,,,,,,,,,,,,,,,,,,,,,,,,,Newton-Conover,,
Cherokee County Schools,3700780,"123,112","870,820","94,724","60,181","1,799,499","425,164","750,161","132,291",15,"1,184,910",31,"264,955","854,554","561,546",0,0,0,"-25,697",0,0,144,"10,735,007",13,"1,358,253","856,023","1,548,000",196,"1,380,036","54,757","59,756","23,088,052",,,,,,,,,,,,,,,,,,,,,,,,,,,Chatham County,,
Clay County Schools,3700870,"51,083","332,314","39,200","71,614","746,601",0,"337,572","52,496",6,"484,368",13,"112,720","354,584","485,008",0,0,0,"-14,225",0,0,62,"4,461,347",4,"431,664","380,371","1,820,000",105,"783,930","26,814","19,664","10,977,125",,,,,,,,,,,,,,,,,,,,,,,,,,,Cherokee County,,
Cleveland County Schools,3700900,"558,918","3,419,790","429,307","183,074","8,199,264","5,501,611","3,638,279","926,034",67,"5,462,778",142,"1,219,700","3,879,620","1,012,475",0,0,0,"-156,621",0,0,662,"47,861,926",29,"3,185,998","3,542,190",0,666,"4,879,116","198,164","240,549","94,182,171",,,,,,,,,,,,,,,,,,,,,,,,,,,Edenton/Chowan,,
Clinton City Schools,3700930,"117,116","672,806","89,920","335,890","909,975","2,110,684","881,439","272,981",14,"1,047,564",30,"257,404","812,936","447,842",0,0,0,"-29,237",0,0,144,"10,004,441",5,"596,020","370,712",0,165,"1,210,440","44,913","45,055","20,198,900",,,,,,,,,,,,,,,,,,,,,,,,,,,Clay County,,
Columbus County Schools,3700960,"211,208","1,542,342","162,240","149,302","2,954,241","4,248,653","1,406,551","484,365",25,"1,871,850",54,"445,130","1,466,060","690,637",0,0,0,"-21,657",0,0,249,"17,078,089",17,"1,862,044","2,122,746",0,297,"2,130,084","85,441","94,692","38,984,018",,,,,,,,,,,,,,,,,,,,,,,,,,,Cleveland County,,
Craven County Schools,3703310,"527,821","2,939,504","405,483","363,933","7,443,598","2,449,599","3,713,295","566,960",63,"4,727,457",134,"1,133,039","3,663,762","918,252",0,0,0,"-194,841",0,0,629,"41,908,645",25,"2,730,475","4,053,594",0,619,"4,348,475","183,989","228,713","82,111,752",,,,,,,,,,,,,,,,,,,,,,,,,,,Columbus County,,
Cumberland County Schools,3700011,"1,995,765","10,432,051","1,532,499","813,773","29,203,281","20,584,142","14,009,249","3,249,868",237,"17,792,538",507,"4,310,737","13,853,211","1,944,797",0,0,0,"-916,086",0,0,"2,383","163,093,184",87,"9,785,412","12,693,940",0,"2,156","15,229,984","653,619","896,142","321,158,107",,,,,,,,,,,,,,,,,,,,,,,,,,,Whiteville City,,
Currituck County Schools,3701080,"168,679","721,868","129,507","61,684","2,269,666",0,"1,256,519","174,988",20,"1,600,300",43,"373,202","1,170,850","526,519",0,0,0,"-106,322",0,0,204,"14,551,959",10,"1,051,060","1,984,742",0,226,"1,586,068","63,925","69,683","27,654,898",,,,,,,,,,,,,,,,,,,,,,,,,,,Craven County,,
Dare County Schools,3701110,"212,647","897,547","163,391","301,048","2,921,021",0,"1,294,027","175,687",26,"2,128,542",54,"467,819","1,476,048","605,590",0,0,0,"-109,154",0,0,252,"19,261,624",10,"1,181,720","1,117,764",0,295,"2,061,165","84,765","88,774","34,330,025",,,,,,,,,,,,,,,,,,,,,,,,,,,Cumberland County,,
Davidson County Schools,3701140,"737,830","3,611,535","566,920","311,379","10,791,773","4,757,583","4,744,766","928,134",88,"6,543,592",187,"1,589,169","5,121,498","1,050,461",0,0,0,"-174,511",0,0,866,"59,532,042",36,"3,945,528","4,398,134",0,899,"6,383,799","269,444","327,605","115,436,681",,,,,,,,,,,,,,,,,,,,,,,,,,,Currituck County,,
Davie County Schools,3701170,"241,466","1,083,021","185,581","187,354","3,539,827","142,326","1,575,337","203,685",29,"2,252,546",61,"523,438","1,676,091","589,444",0,0,0,"-88,983",0,0,286,"20,354,962",12,"1,339,728","1,555,168",0,319,"2,260,115","92,241","104,811","37,818,160",,,,,,,,,,,,,,,,,,,,,,,,,,,Dare County,,
Duplin County Schools,3701200,"381,686","2,290,443","293,369","1,759,222","3,900,701","6,782,082","2,719,332","823,141",46,"3,461,868",97,"818,580","2,649,395","696,258",0,0,0,"-194,460",0,0,458,"30,429,232",13,"1,479,920","2,453,520",0,451,"3,124,077","132,465","167,621","64,168,452",,,,,,,,,,,,,,,,,,,,,,,,,,,Davidson County,,
Durham Public Schools,3701260,"1,298,666","7,250,232","997,687","4,837,251","19,409,774",0,"9,358,253","1,429,298",155,"12,157,580",330,"2,758,627","9,014,437","1,315,958",0,0,0,"-412,814",0,0,"1,544","110,330,276",51,"5,696,445","13,761,057",0,"1,487","10,194,872","449,014","819,205","210,665,818",,,,,,,,,,,,,,,,,,,,,,,,,,,Lexington City,,
Edenton/Chowan Schools,3700840,"72,788","472,371","55,934","72,620","1,090,605","439,152","487,604","138,590",9,"693,450",19,"160,405","505,241","602,453",0,0,0,"-43,737",0,0,88,"6,247,961",4,"442,048","783,450","1,600,000",130,"883,480","34,324","30,737","14,769,476",,,,,,,,,,,,,,,,,,,,,,,,,,,Thomasville City,,
Edgecombe County Schools,3701320,"213,087","1,556,740","163,632","212,892","3,260,794","3,678,337","1,481,567","1,903,750",26,"1,963,962",54,"454,529","1,479,100","746,649",0,0,0,"-68,599",0,0,253,"17,199,403",14,"1,520,386","1,754,393",0,278,"1,943,498","79,826","105,765","39,649,710",,,,,,,,,,,,,,,,,,,,,,,,,,,Davie County,,
Elkin City Schools,3701380,"48,685","332,314","37,434","98,707","679,981","462,799","318,818","88,194",6,"451,080",13,"104,498","337,937","373,561",0,0,0,"-29,795",0,0,61,"4,445,217",4,"436,128","47,681",0,104,"722,072","26,374","21,382","9,003,067",,,,,,,,,,,,,,,,,,,,,,,,,,,Duplin County,,
Forsyth County Schools,3701500,"2,160,127","12,082,180","1,658,863","5,929,363","31,196,536",0,"14,365,575","2,125,048",257,"20,206,625",548,"4,662,319","14,994,096","1,662,414",0,0,0,"-215,373",0,0,"2,562","183,463,381",78,"9,004,398","14,745,194",0,"2,394","17,095,554","726,253","995,608","336,858,162",,,,,,,,,,,,,,,,,,,,,,,,,,,Durham County,,
Franklin County Schools,3701530,"316,453","1,779,583","243,577","377,505","4,484,198","3,370,187","2,006,680","1,997,250",38,"2,927,102",80,"682,188","2,196,593","679,083",0,0,0,"-164,750",0,0,369,"24,851,212",16,"1,719,296","2,434,998",0,421,"2,989,942","123,365","143,566","53,158,027",,,,,,,,,,,,,,,,,,,,,,,,,,,Edgecombe County,,
Gaston County Schools,3701620,"1,240,229","6,011,572","952,932","1,184,026","17,968,885","3,616,313","8,045,472","1,334,805",148,"10,946,968",315,"2,651,337","8,608,801","1,357,152",0,0,0,"-522,072",0,0,"1,465","100,740,316",58,"6,525,696","7,299,079",0,"1,414","10,040,814","426,686","611,874","189,040,885",,,,,,,,,,,,,,,,,,,,,,,,,,,Forsyth County,,
Gates County Schools,3701680,"62,515","337,286","48,023",0,"925,274","859,371","431,342","116,892",8,"611,872",16,"133,529","433,936","572,289",0,0,0,"-22,513",0,0,75,"5,366,788",5,"522,995","657,419","1,548,700",117,"791,505","30,467","27,491","13,455,181",,,,,,,,,,,,,,,,,,,,,,,,,,,Franklin County,,
Graham County Schools,3701770,"44,848","332,314","34,425","48,839","661,325","187,966","337,572","53,896",6,"470,388",12,"100,147","311,302","489,854",0,0,0,"-19,758",0,0,55,"3,897,439",3,"305,766","349,614","1,820,000",100,"775,800","25,359","17,564","10,244,659",,,,,,,,,,,,,,,,,,,,,,,,,,,Gaston County,,
Granville County Schools,3701800,"281,678","1,620,712","216,610","362,718","4,194,770","4,135,673","1,837,893","554,360",34,"2,562,784",72,"610,577","1,955,209","659,637",0,0,0,"-138,097",0,0,333,"22,520,925",17,"1,812,659","2,043,782",0,373,"2,603,167","108,649","165,139","48,108,845",,,,,,,,,,,,,,,,,,,,,,,,,,,Gates County,,
Greene County Schools,3701830,"113,438","779,169","87,210","366,865","1,178,418","2,362,266","693,899","270,181",14,"1,130,248",29,"243,593","787,411","530,024",0,0,0,"-36,125",0,0,134,"9,297,201",6,"669,684","1,109,333","1,548,000",177,"1,172,979","48,871","48,301","22,400,966",,,,,,,,,,,,,,,,,,,,,,,,,,,Graham County,,
Guilford County Schools,3701920,"2,828,367","16,122,040","2,172,999","5,622,288","41,379,774",0,"18,866,538","2,806,800",336,"25,938,192",718,"6,052,222","19,632,549","2,199,685",0,0,0,"-747,479",0,0,"3,330","234,927,964",122,"13,704,992","25,945,846",0,"3,274","23,016,220","995,237","1,394,042","442,858,276",,,,,,,,,,,,,,,,,,,,,,,,,,,Granville County,,
Halifax County Schools,3701950,"82,541","867,933","63,417","66,234","1,272,760","1,137,649","600,128","1,283,250",10,"756,280",21,"181,709","572,940","652,222",0,0,0,"-56,613",0,0,100,"7,158,614",10,"1,108,680","1,397,699",0,131,"861,980","34,764","40,092","18,082,277",,,,,,,,,,,,,,,,,,,,,,,,,,,Greene County,,
Harnett County Schools,3702010,"812,016","4,333,302","624,064","1,009,744","10,907,261","13,462,953","5,945,022","1,598,686",97,"7,355,219",206,"1,733,912","5,636,451","956,337",0,0,0,"-204,343",0,0,964,"63,445,587",29,"3,206,385","5,398,957",0,936,"6,484,608","280,608","352,233","133,339,001",,,,,,,,,,,,,,,,,,,,,,,,,,,Guilford County,,
Haywood County Schools,3702040,"278,640","1,524,670","214,177","155,926","4,143,721",0,"2,044,188","281,380",33,"2,581,854",71,"597,973","1,934,122","772,607",0,0,0,"-139,293",0,0,333,"23,578,366",15,"1,621,050","1,708,681",0,361,"2,542,884","104,961","122,566","44,068,473",,,,,,,,,,,,,,,,,,,,,,,,,,,Halifax County,,
Henderson County Schools,3702100,"532,417","2,532,664","408,921","1,210,086","7,810,011",0,"3,469,493","524,963",64,"4,856,896",135,"1,155,688","3,695,669","806,257",0,0,0,"-122,579",0,0,628,"44,314,772",23,"2,620,666","3,093,911",0,650,"4,490,200","193,224","231,195","81,824,455",,,,,,,,,,,,,,,,,,,,,,,,,,,Roanoke Rapids City,,
Hertford County Schools,3702160,"103,725","800,036","79,733","70,514","1,534,969","1,494,512","675,145","883,500",13,"1,062,984",27,"230,860","719,990","614,109",0,0,0,"-54,762",0,0,123,"8,358,799",7,"729,386","1,195,943","1,470,000",169,"1,194,492","46,503","53,265","21,263,703",,,,,,,,,,,,,,,,,,,,,,,,,,,Weldon City,,
Hickory City Schools,3702190,"160,405","924,815","123,292","485,732","2,390,050",0,"1,143,995","177,787",19,"1,437,084",41,"346,033","1,113,417","489,696",0,0,0,"-41,921",0,0,191,"13,310,957",9,"969,390","493,711",0,224,"1,579,648","63,283","79,038","25,246,411",,,,,,,,,,,,,,,,,,,,,,,,,,,Harnett County,,
Hoke County Schools,3702250,"356,344","2,037,804","273,614","451,975","5,244,768","7,442,688","2,775,594","2,423,927",43,"3,064,137",90,"761,093","2,473,490","631,158",0,0,0,"-39,419",0,0,434,"27,534,745",13,"1,430,650","2,699,142",0,400,"2,795,200","117,005","138,411","62,612,326",,,,,,,,,,,,,,,,,,,,,,,,,,,Haywood County,,
Hyde County Schools,3702280,"22,304","370,152","17,150","65,493","313,839",0,"168,786","166,588",3,"226,680",6,"50,073","154,819","464,628",0,0,0,"-40,456",0,0,28,"1,929,049",3,"292,107","265,541","1,710,000",73,"471,726","16,935","10,118","6,675,532",,,,,,,,,,,,,,,,,,,,,,,,,,,Henderson County,,
Iredell-Statesville Schools,3702310,"805,421","3,749,195","619,124","789,676","9,545,641",0,"5,101,092","713,949",96,"7,600,416",205,"1,756,047","5,590,671","951,809",0,0,0,"-268,467",0,0,938,"66,825,617",36,"4,095,000","5,327,859",0,"1,017","7,044,759","305,507","448,071","121,001,386",,,,,,,,,,,,,,,,,,,,,,,,,,,Hertford County,,
Jackson County Schools,3702340,"143,697","842,761","110,331","158,553","2,095,935",0,"918,947","146,990",17,"1,347,607",36,"307,290","997,442","575,673",0,0,0,"-25,545",0,0,171,"11,951,016",10,"1,074,840","1,072,515",0,211,"1,521,521","59,189","63,192","23,361,953",,,,,,,,,,,,,,,,,,,,,,,,,,,Hoke County,,
Johnston County Schools,3702370,"1,462,429","6,464,167","1,123,745","2,579,932","21,949,594","14,614,677","9,752,087","2,601,014",174,"13,388,430",371,"3,128,444","10,151,160","1,004,474",0,0,0,"-192,709",0,0,"1,723","119,935,337",46,"5,084,702","10,840,120",0,"1,699","11,660,237","514,002","651,202","236,713,045",,,,,,,,,,,,,,,,,,,,,,,,,,,Hyde County,,
Jones County Schools,3702400,"40,571","332,314","31,148","54,173","598,093","224,427","281,310","51,096",5,"404,695",11,"91,801","281,614","523,248",0,0,0,"-14,440",0,0,49,"3,569,126",5,"480,615","411,345","1,820,000",92,"632,776","22,822","13,746","9,850,480",,,,,,,,,,,,,,,,,,,,,,,,,,,Iredell-Statesville,,
Kannapolis City Schools,3702430,"218,003","1,151,154","167,446","574,230","3,143,032","373,449","1,481,567","374,473",26,"1,862,640",55,"449,667","1,513,227","483,536",0,0,0,"-22,091",0,0,260,"16,984,188",8,"919,256","915,127",0,280,"1,990,800","80,164","88,392","32,748,260",,,,,,,,,,,,,,,,,,,,,,,,,,,Mooresville City,,
Lee County Schools,3702560,"393,797","2,133,104","302,314","1,244,965","5,274,446","3,534,306","2,700,578","634,155",47,"3,639,586",100,"825,318","2,733,463","710,313",0,0,0,"-80,238",0,0,468,"31,379,294",16,"1,736,528","2,143,077",0,477,"3,312,765","140,415","183,085","62,941,271",,,,,,,,,,,,,,,,,,,,,,,,,,,Jackson County,,
Lenoir County Schools,3702610,"331,242","2,445,801","254,656","305,224","4,922,807","4,341,145","2,344,252","762,945",40,"3,073,320",84,"717,282","2,299,250","827,028",0,0,0,"-48,887",0,0,395,"26,874,040",17,"1,904,051","2,497,473",0,404,"2,914,052","118,257","170,294","57,054,231",,,,,,,,,,,,,,,,,,,,,,,,,,,Johnston County,,
Lexington City Schools,3702640,"122,192","777,414","93,928","366,393","1,759,680","787,904","843,931","1,019,127",15,"1,042,635",31,"265,127","848,173","454,653",0,0,0,"-34,219",0,0,146,"9,891,998",6,"655,410","493,219",0,177,"1,301,481","48,803","56,510","20,794,360",,,,,,,,,,,,,,,,,,,,,,,,,,,Jones County,,
Lincoln County Schools,3702680,"451,196","2,056,396","346,581","259,667","6,616,726",0,"3,038,150","445,168",54,"4,143,474",115,"962,579","3,131,885","779,925",0,0,0,"-98,436",0,0,533,"37,777,039",23,"2,499,180","2,528,959",0,563,"3,923,547","166,803","230,813","69,259,652",,,,,,,,,,,,,,,,,,,,,,,,,,,Lee County,,
Macon County Schools,3702760,"178,032","1,144,153","136,752","278,377","2,603,530",0,"1,256,519","183,387",21,"1,545,558",45,"367,347","1,235,774","545,484",0,0,0,"-46,756",0,0,214,"15,509,730",12,"1,296,792","1,534,883",0,244,"1,693,604","69,135","69,874","29,602,175",,,,,,,,,,,,,,,,,,,,,,,,,,,Lenoir County,,
Madison County Schools,3702820,"87,337","556,907","67,001","54,677","1,306,406","97,357","618,882","96,593",11,"837,991",23,"199,014","606,234","605,118",0,0,0,"-49,264",0,0,105,"7,706,899",6,"670,542","1,307,267","1,560,000",151,"1,119,665","40,887","33,601","17,523,114",,,,,,,,,,,,,,,,,,,,,,,,,,,Lincoln County,,
Martin County Schools,3702880,"111,080","772,987","85,221","80,793","1,654,472","1,679,155","787,669","258,982",13,"971,217",29,"248,396","771,041","578,706",0,0,0,"-37,336",0,0,135,"9,498,780",9,"926,739","831,027","1,498,000",163,"1,182,565","44,507","59,565","22,003,566",,,,,,,,,,,,,,,,,,,,,,,,,,,Macon County,,
McDowell County Schools,3702940,"232,793","1,245,460","178,861","315,331","3,443,529","2,103,961","1,556,583","419,270",28,"2,053,380",59,"491,813","1,615,884","796,848",0,0,0,"-41,352",0,0,277,"19,675,848",14,"1,494,906","1,393,479",0,303,"2,237,958","87,167","108,820","39,410,539",,,,,,,,,,,,,,,,,,,,,,,,,,,Madison County,,
Mitchell County Schools,3703000,"71,069","448,904","54,590","116,709","1,066,241","159,230","468,850","72,795",9,"746,136",19,"169,802","493,311","517,932",0,0,0,"-48,424",0,0,84,"6,171,359",7,"800,933","848,853","1,600,000",135,"987,390","36,083","30,546","14,812,309",,,,,,,,,,,,,,,,,,,,,,,,,,,Martin County,,
Montgomery County Schools,3703060,"146,215","992,148","112,279","327,026","2,058,321","973,013","1,031,471","1,128,250",18,"1,328,292",37,"309,131","1,014,922","585,318",0,0,0,"-67,505",0,0,175,"12,252,575",12,"1,279,044","1,388,569",0,206,"1,458,892","57,531","56,128","26,431,620",,,,,,,,,,,,,,,,,,,,,,,,,,,McDowell County,,
Moore County Schools,3703090,"509,114","2,284,715","391,163","276,456","7,193,355",0,"3,450,739","514,463",61,"4,760,501",129,"1,105,118","3,533,914","835,845",0,0,0,"-307,696",0,0,597,"42,174,730",24,"2,609,520","3,792,184",0,641,"4,388,927","190,518","237,304","77,940,871",,,,,,,,,,,,,,,,,,,,,,,,,,,Mecklenburg County,,
Mooresville City Schools,3703120,"240,587","938,357","184,991","188,409","3,535,186",0,"1,537,829","214,185",29,"2,189,819",61,"530,050","1,669,987","469,202",0,0,0,"-60,375",0,0,283,"19,634,944",9,"1,009,971","1,122,019",0,328,"2,347,824","94,846","108,438","35,956,270",,,,,,,,,,,,,,,,,,,,,,,,,,,Mitchell County,,
Mount Airy City Schools,3703210,"65,673","389,243","50,504","148,231","934,556","624,284","393,834","122,491",8,"559,536",17,"141,296","455,855","435,131",0,0,0,"-25,280",0,0,81,"5,576,138",4,"409,004","80,245",0,126,"910,854","32,971","38,373","11,342,938",,,,,,,,,,,,,,,,,,,,,,,,,,,Montgomery County,,
Nash-Rocky Mount Schools,3703270,"579,463","3,368,386","444,935","529,941","8,710,341","6,146,067","3,994,605","1,225,612",69,"5,310,378",147,"1,228,095","4,022,231","1,027,958",0,0,0,"-68,143",0,0,688,"46,919,018",27,"2,882,034","4,317,171",0,685,"4,745,680","204,185","262,695","95,850,652",,,,,,,,,,,,,,,,,,,,,,,,,,,Moore County,,
New Hanover County Schools,3703330,"1,064,875","5,440,855","818,661","1,025,136","14,327,561",0,"7,051,509","1,065,324",127,"10,216,515",270,"2,283,192","7,391,616","1,105,020",0,0,0,"-529,706",0,0,"1,257","91,126,766",42,"4,710,972","7,082,750",0,"1,269","9,092,385","382,673","537,227","164,193,331",,,,,,,,,,,,,,,,,,,,,,,,,,,Nash-Rocky Mount,,
Newton-Conover Schools,3703360,"115,117","609,492","88,437","363,657","1,699,140",0,"750,161","139,990",14,"1,021,580",30,"248,742","799,064","447,778",0,0,0,"-41,262",0,0,139,"9,370,888",6,"644,142","361,940",0,181,"1,355,147","49,920","55,555","18,079,488",,,,,,,,,,,,,,,,,,,,,,,,,,,New Hanover County,,
Northampton County Schools,3703420,"51,483","577,746","39,548","49,341","816,214","627,604","375,080","793,750",6,"462,138",14,"115,940","357,359","590,133",0,0,0,"-33,529",0,0,62,"3,835,586",7,"732,886","846,532","1,820,000",107,"737,658","27,287","45,628","12,868,385",,,,,,,,,,,,,,,,,,,,,,,,,,,Northampton County,,
Onslow County Schools,3703450,"1,089,817","5,456,478","836,691","307,532","16,015,657","6,609,036","8,476,814","1,598,686",130,"9,446,840",277,"2,333,840","7,564,746","1,095,620",0,0,0,"-390,602",0,0,"1,316","85,832,849",39,"4,561,206","7,358,852",0,"1,140","7,991,400","342,957","457,808","166,986,227",,,,,,,,,,,,,,,,,,,,,,,,,,,Onslow County,,
Orange County Schools,3703480,"291,750","1,259,602","224,225","644,912","4,281,787",0,"1,894,155","267,381",35,"2,769,410",74,"632,458","2,025,127","669,295",0,0,0,"-203,164",0,0,345,"25,376,424",12,"1,298,220","3,007,361",0,385,"2,752,750","112,336","158,839","47,462,868",,,,,,,,,,,,,,,,,,,,,,,,,,,Orange County,,
Pamlico County Schools,3703510,"49,125","332,314","37,718","48,451","723,396","93,711","318,818","57,396",6,"461,274",13,"112,486","340,989","655,163",0,0,0,"-32,433",0,0,58,"4,124,302",4,"427,508","619,900","1,820,000",109,"754,607","28,167","27,491","11,000,383",,,,,,,,,,,,,,,,,,,,,,,,,,,Chapel Hill-Carrboro,,
Pasquotank County Schools,3703540,"206,811","1,418,026","158,748","149,856","3,038,612","2,183,273","1,500,321","1,494,000",25,"1,938,400",53,"456,118","1,435,540","729,707",0,0,0,"-103,631",0,0,250,"17,829,880",12,"1,292,064","1,523,800",0,261,"1,889,901","74,616","101,947","37,317,989",,,,,,,,,,,,,,,,,,,,,,,,,,,Pamlico County,,
Pender County Schools,3703570,"388,601","1,984,524","298,597","317,577","5,405,253","3,477,559","2,719,332","620,156",46,"3,293,002",99,"825,262","2,697,395","596,940",0,0,0,"-226,786",0,0,459,"31,480,350",18,"1,952,280","2,873,781",0,486,"3,391,794","143,156","156,548","62,395,319",,,,,,,,,,,,,,,,,,,,,,,,,,,Pasquotank County,,
Perquimans County Schools,3703600,"63,155","399,171","48,529",0,"947,899","181,533","468,850","83,294",8,"669,248",17,"142,000","438,375","517,763",0,0,0,"-6,164",0,0,77,"5,319,756",4,"450,928","619,034","1,548,700",117,"809,055","30,501","24,437","12,756,064",,,,,,,,,,,,,,,,,,,,,,,,,,,Pender County,,
Person County Schools,3703630,"170,398","1,068,409","130,684","104,469","2,509,553","1,136,388","1,275,273","178,487",21,"1,554,672",43,"371,431","1,182,781","617,164",0,0,0,"-151,956",0,0,205,"14,154,855",11,"1,185,162","1,427,753",0,228,"1,621,308","64,297","90,874","28,692,002",,,,,,,,,,,,,,,,,,,,,,,,,,,Perquimans County,,
Pitt County Schools,3700012,"938,565","5,616,110","720,808","665,288","12,848,852","7,962,642","6,320,103","1,625,984",112,"8,851,920",238,"1,997,104","6,514,866","1,086,749",0,0,0,"-168,270",0,0,"1,113","77,569,086",38,"4,211,730","6,984,688",0,"1,065","7,321,875","320,324","413,325","151,801,749",,,,,,,,,,,,,,,,,,,,,,,,,,,Person County,,
Polk County Schools,3703720,"82,860","437,842","63,581","77,177","1,225,771",0,"543,866","72,095",10,"790,030",22,"186,369","575,159","501,382",0,0,0,"-34,030",0,0,100,"7,326,326",6,"639,276","624,770","1,560,000",142,"1,035,606","38,011","32,073","15,778,164",,,,,,,,,,,,,,,,,,,,,,,,,,,Pitt County,,
Randolph County Schools,3703780,"611,840","3,248,419","469,833","655,828","8,881,102","7,062,083","4,088,375","1,040,826",73,"5,636,549",155,"1,312,116","4,246,968","955,422",0,0,0,"-230,797",0,0,724,"50,010,460",31,"3,445,278","4,840,102",0,737,"5,254,073","220,085","285,223","102,033,786",,,,,,,,,,,,,,,,,,,,,,,,,,,Polk County,,
Richmond County Schools,3703870,"275,962","1,695,822","212,062","245,232","4,071,207","4,894,936","1,781,631","622,256",33,"2,454,309",70,"603,366","1,915,533","765,104",0,0,0,"-89,040",0,0,327,"21,785,597",15,"1,574,430","1,974,485",0,356,"2,530,804","103,473","114,929","47,532,098",,,,,,,,,,,,,,,,,,,,,,,,,,,Randolph County,,
Roanoke Rapids City Schools,3703900,"110,600","632,750","85,084","141,880","1,603,422","1,524,396","712,653","197,386",14,"1,079,050",29,"243,538","767,711","464,968",0,0,0,"-28,124",0,0,133,"9,417,715",5,"531,630","283,511",0,178,"1,289,432","49,074","47,155","19,153,832",,,,,,,,,,,,,,,,,,,,,,,,,,,Asheboro City,,
Robeson County Schools,3703930,"837,838","5,775,642","643,537","1,305,579","12,360,388","19,790,747","5,926,268","6,786,015",100,"7,687,500",213,"1,802,067","5,815,685","1,223,201",0,0,0,"-285,100",0,0,"1,003","67,818,887",36,"3,973,248","6,759,705",0,923,"6,722,209","276,650","354,906","155,574,971",,,,,,,,,,,,,,,,,,,,,,,,,,,Richmond County,,
Rockingham County Schools,3703990,"446,799","2,711,477","343,135","398,396","6,718,245","5,492,869","3,094,412","864,438",53,"4,039,183",113,"910,759","3,101,366","920,425",0,0,0,"-75,909",0,0,533,"37,281,079",22,"2,454,584","3,124,648",0,530,"3,769,890","156,722","205,422","75,957,939",,,,,,,,,,,,,,,,,,,,,,,,,,,Robeson County,,
Rowan-Salisbury Schools,3704050,"735,551","4,219,588","565,226","1,108,666","10,778,658","5,331,428","4,894,798","1,115,020",88,"6,810,496",187,"1,581,620","5,105,684","1,069,112",0,0,0,"-185,894",0,0,869,"60,894,095",35,"3,880,380","4,798,798",0,879,"6,217,167","263,320","329,515","119,513,228",,,,,,,,,,,,,,,,,,,,,,,,,,,Rockingham County,,
Rutherford County Schools,3704080,"301,743","2,026,534","231,800","131,876","4,417,532","2,637,497","2,062,942","612,456",36,"2,879,676",77,"653,256","2,094,490","771,660",0,0,0,"-171,231",0,0,360,"25,700,139",18,"1,917,468","2,707,315",0,382,"2,820,306","111,321","151,393","52,058,173",,,,,,,,,,,,,,,,,,,,,,,,,,,Rowan-Salisbury,,
Sampson County Schools,3704140,"314,534","2,170,799","241,488","1,130,711","3,772,056","5,668,592","2,212,974","655,853",38,"3,039,012",80,"660,005","2,183,275","662,509",0,0,0,"-84,021",0,0,376,"26,263,269",18,"2,026,170","2,779,296",0,384,"2,674,176","111,998","134,402","56,617,098",,,,,,,,,,,,,,,,,,,,,,,,,,,Rutherford County,,
Scotland County Schools,3704200,"219,242","1,555,878","168,416","51,679","3,246,872","4,349,057","1,500,321","499,764",26,"1,986,166",56,"472,247","1,521,828","701,283",0,0,0,"-27,183",0,0,262,"18,831,328",10,"1,053,580","1,810,481",0,277,"1,988,029","79,420","93,929","40,102,338",,,,,,,,,,,,,,,,,,,,,,,,,,,Sampson County,,
Stanly County Schools,3704320,"328,164","1,779,439","252,023","189,376","4,842,752","3,128,380","2,287,990","572,559",39,"2,981,901",83,"697,781","2,277,886","789,606",0,0,0,"-103,532",0,0,393,"27,860,839",21,"2,264,661","1,892,262",0,401,"2,836,674","117,276","159,412","55,155,449",,,,,,,,,,,,,,,,,,,,,,,,,,,Clinton City,,
Stokes County Schools,3704380,"224,359","1,192,074","172,388","67,188","3,371,015","2,104,089","1,500,321","313,578",27,"2,072,709",57,"483,336","1,557,342","684,247",0,0,0,"-114,575",0,0,264,"18,561,371",19,"1,977,995","2,088,586",0,308,"2,244,088","88,926","96,602","38,685,638",,,,,,,,,,,,,,,,,,,,,,,,,,,Scotland County,,
Surry County Schools,3704410,"292,510","1,676,180","224,802","673,937","4,311,952","2,780,592","1,800,385","550,161",35,"2,766,470",74,"620,143","2,030,398","681,391",0,0,0,"-52,836",0,0,343,"24,413,965",20,"2,170,380","2,680,836",0,385,"2,765,840","112,235","123,138","50,622,479",,,,,,,,,,,,,,,,,,,,,,,,,,,Stanly County,,
Swain County Schools,3704440,"77,424","383,192","59,505","48,063","1,128,893","151,803","581,374","140,690",9,"704,223",20,"158,879","537,426","561,562",0,0,0,"-23,137",0,0,94,"6,335,264",5,"538,185","702,052","1,600,000",136,"907,664","36,151","52,501","14,681,713",,,,,,,,,,,,,,,,,,,,,,,,,,,Stokes County,,
Thomasville City Schools,3704500,"89,136","650,216","68,381","302,695","1,263,478","574,755","675,145","634,500",11,"855,294",23,"190,342","618,719","429,266",0,0,0,"-48,924",0,0,111,"7,273,272",4,"455,828","167,009",0,138,"900,450","36,827","31,119","15,167,508",,,,,,,,,,,,,,,,,,,,,,,,,,,Surry County,,
Transylvania County Schools,3704530,"131,705","744,792","101,275","111,903","1,961,349",0,"862,685","127,391",16,"1,203,168",33,"267,352","914,206","612,364",0,0,0,"-63,583",0,0,155,"11,287,039",9,"952,902","947,321","1,548,000",205,"1,476,000","57,261","63,001","23,306,132",,,,,,,,,,,,,,,,,,,,,,,,,,,Elkin City,,
Tyrrell County Schools,3704590,"24,822","332,314","19,093","68,992","364,889","386,523","168,786","65,095",3,"238,365",7,"52,465","172,298","471,642",0,0,0,"-6,773",0,0,31,"2,127,943",3,"289,788","171,342","1,820,000",79,"545,416","18,728","11,455","7,343,184",,,,,,,,,,,,,,,,,,,,,,,,,,,Mount Airy City,,
Union County Public Schools,3704620,"1,655,250","6,210,360","1,272,550","1,906,569","18,308,945",0,"9,789,595","1,432,098",197,"15,277,744",420,"3,635,499","11,489,592","1,050,772",0,0,0,"-406,081",0,0,"1,918","135,192,483",52,"5,921,136","15,426,801",0,"2,046","14,430,438","619,925","820,541","244,034,216",,,,,,,,,,,,,,,,,,,,,,,,,,,Swain County,,
Vance County Schools,3704650,"202,854","1,676,046","155,630","333,633","3,068,198","3,803,764","1,687,861","2,023,750",24,"1,826,376",52,"442,127","1,408,072","800,536",0,0,0,"-19,070",0,0,249,"16,951,855",16,"1,715,904","1,249,055",0,239,"1,733,228","67,748","125,811","39,253,379",,,,,,,,,,,,,,,,,,,,,,,,,,,Transylvania County,,
Wake County Schools,3704720,"6,447,006","24,669,299","4,951,957","11,393,327","84,345,196",0,"43,603,083","5,066,938",766,"61,484,522","1,637","13,830,271","44,750,615","3,066,846",0,0,0,"-2,037,064",0,0,"7,609","548,461,419",192,"21,565,440","60,537,914",0,"7,235","51,202,095","2,205,816","3,126,761","988,671,442",,,,,,,,,,,,,,,,,,,,,,,,,,,Tyrrell County,,
Warren County Schools,3704740,"69,030","581,889","53,056","54,954","1,035,495","224,113","468,850","771,000",8,"619,136",18,"152,242","479,161","553,762",0,0,0,"-188,449",0,0,82,"6,277,463",6,"665,208","954,943","1,600,000",127,"900,303","33,613","34,173","15,339,942",,,,,,,,,,,,,,,,,,,,,,,,,,,Union County,,
Washington County Schools,3704800,"46,726","441,708","35,879","75,223","705,413","561,891","337,572","530,250",6,"434,016",12,"103,833","324,342","622,163",0,0,0,"-20,930",0,0,57,"3,847,594",3,"324,267","528,932","1,820,000",103,"773,118","26,103","20,046","11,538,148",,,,,,,,,,,,,,,,,,,,,,,,,,,Vance County,,
Watauga County Schools,3704830,"190,263","843,372","146,177","132,577","2,756,679",0,"1,256,519","167,288",23,"1,789,906",48,"397,873","1,320,675","574,741",0,0,0,"-88,113",0,0,224,"16,903,251",10,"1,047,050","1,419,185",0,267,"1,761,666","76,442","80,183","30,775,735",,,,,,,,,,,,,,,,,,,,,,,,,,,Wake County,,
Wayne County Public Schools,3704880,"716,805","4,658,764","550,343","1,752,619","10,460,530","10,450,276","5,119,846","1,445,397",85,"6,436,370",182,"1,570,004","4,975,558","1,062,165",0,0,0,"-396,843",0,0,860,"60,662,753",30,"3,360,120","5,055,284",0,806,"5,753,228","241,162","329,515","124,203,895",,,,,,,,,,,,,,,,,,,,,,,,,,,Warren County,,
Weldon City Schools,3704890,"29,459","370,152","22,650",0,"437,982","406,028","168,786","264,500",4,"309,568",8,"67,663","204,483","407,808",0,0,0,"-9,302",0,0,37,"1,987,229",4,"412,976","242,056",0,87,"588,729","21,299","19,664","5,951,730",,,,,,,,,,,,,,,,,,,,,,,,,,,Washington County,,
Whiteville City Schools,3704920,"88,776","648,270","68,157","92,840","1,264,866","1,785,817","581,374","214,885",11,"824,417",23,"192,529","616,222","449,986",0,0,0,"-29,089",0,0,110,"7,937,443",5,"530,315","389,513",0,149,"1,009,177","40,210","36,464","16,742,172",,,,,,,,,,,,,,,,,,,,,,,,,,,Watauga County,,
Wilkes County Schools,3704950,"352,467","2,205,623","270,777","361,480","5,222,724","3,322,105","2,381,760","549,461",42,"3,271,800",89,"750,977","2,446,577","804,774",0,0,0,"-96,965",0,0,418,"28,919,855",21,"2,273,145","2,893,871",0,445,"3,226,695","130,706","147,193","59,435,025",,,,,,,,,,,,,,,,,,,,,,,,,,,Wayne County,,
Wilson County Schools,3705020,"426,853","2,987,991","328,085","544,234","4,622,675","4,563,564","2,813,102","829,441",51,"3,923,532",108,"916,061","2,962,917","825,760",0,0,0,"-124,970",0,0,503,"34,213,224",26,"2,798,094","2,352,008",0,532,"3,869,236","157,195","231,004","69,240,005",,,,,,,,,,,,,,,,,,,,,,,,,,,Wilkes County,,
Yadkin County Schools,3705040,"201,295","1,164,393","154,580","328,576","2,945,795","2,082,519","1,331,535","340,876",24,"1,887,624",51,"433,077","1,397,252","612,588",0,0,0,"-62,438",0,0,239,"17,261,909",13,"1,396,382","1,475,102",0,276,"2,017,008","78,912","77,510","35,124,494",,,,,,,,,,,,,,,,,,,,,,,,,,,Wilson County,,
Yancey County Schools,3705070,"82,780","475,869","63,590","131,428","1,213,008","27,953","581,374","88,194",10,"798,180",22,"183,695","574,604","522,911",0,0,0,"-11,831",0,0,99,"7,161,706",7,"738,850","939,806","1,560,000",142,"1,048,386","38,079","33,219","16,251,802",,,,,,,,,,,,,,,,,,,,,,,,,,,Yadkin County,,